pid,task,n_correct,n,perc
001,car,35,54,64.81481481481481
001,face,35,54,64.81481481481481
002,car,33,54,61.111111111111114
002,face,34,54,62.96296296296296
003,car,29,54,53.70370370370371
003,face,40,54,74.07407407407408
004,car,28,54,51.85185185185185
004,face,38,54,70.37037037037037
006,car,39,54,72.22222222222221
006,face,28,54,51.85185185185185
007,car,33,54,61.111111111111114
007,face,42,54,77.77777777777779
008,car,25,54,46.2962962962963
008,face,34,54,62.96296296296296
009,car,33,54,61.111111111111114
009,face,26,54,48.148148148148145
010,car,23,54,42.592592592592595
010,face,52,54,96.29629629629629
011,car,35,54,64.81481481481481
011,face,47,54,87.03703703703704
012,car,38,54,70.37037037037037
012,face,29,54,53.70370370370371
013,car,31,54,57.407407407407405
013,face,22,54,40.74074074074074
014,car,27,54,50
014,face,31,54,57.407407407407405
015,car,29,54,53.70370370370371
015,face,28,54,51.85185185185185
016,car,27,54,50
016,face,26,54,48.148148148148145
018,car,21,54,38.88888888888889
018,face,26,54,48.148148148148145
020,car,25,54,46.2962962962963
020,face,32,54,59.25925925925925
021,car,26,54,48.148148148148145
021,face,24,54,44.44444444444444
022,car,25,54,46.2962962962963
022,face,31,54,57.407407407407405
024,car,40,54,74.07407407407408
024,face,40,54,74.07407407407408
025,car,35,54,64.81481481481481
025,face,51,54,94.44444444444444
026,car,34,54,62.96296296296296
026,face,36,54,66.66666666666666
027,car,27,54,50
027,face,36,54,66.66666666666666
028,car,25,54,46.2962962962963
028,face,26,54,48.148148148148145
029,car,42,54,77.77777777777779
029,face,29,54,53.70370370370371
030,car,24,54,44.44444444444444
030,face,32,54,59.25925925925925
031,car,41,54,75.92592592592592
031,face,28,54,51.85185185185185
033,car,29,54,53.70370370370371
033,face,19,54,35.18518518518518
034,car,33,54,61.111111111111114
034,face,45,54,83.33333333333334
036,car,32,54,59.25925925925925
036,face,38,54,70.37037037037037
037,car,37,54,68.51851851851852
037,face,29,54,53.70370370370371
039,car,37,54,68.51851851851852
039,face,51,54,94.44444444444444
040,car,34,54,62.96296296296296
040,face,43,54,79.62962962962963
041,car,31,54,57.407407407407405
041,face,35,54,64.81481481481481
042,car,34,54,62.96296296296296
042,face,40,54,74.07407407407408
043,car,29,54,53.70370370370371
043,face,24,54,44.44444444444444
044,car,26,54,48.148148148148145
044,face,15,54,27.77777777777778
046,car,18,54,33.33333333333333
046,face,26,54,48.148148148148145
047,car,33,54,61.111111111111114
047,face,21,54,38.88888888888889
048,car,30,54,55.55555555555556
048,face,41,54,75.92592592592592
049,car,27,54,50
049,face,44,54,81.48148148148148
050,car,39,54,72.22222222222221
050,face,53,54,98.14814814814815
051,car,31,54,57.407407407407405
051,face,35,54,64.81481481481481
052,car,38,54,70.37037037037037
052,face,29,54,53.70370370370371
053,car,39,54,72.22222222222221
053,face,34,54,62.96296296296296
054,car,28,54,51.85185185185185
054,face,29,54,53.70370370370371
055,car,35,54,64.81481481481481
055,face,25,54,46.2962962962963
056,car,42,54,77.77777777777779
056,face,49,54,90.74074074074075
058,car,43,54,79.62962962962963
058,face,25,54,46.2962962962963
059,car,31,54,57.407407407407405
059,face,43,54,79.62962962962963
060,car,24,54,44.44444444444444
060,face,25,54,46.2962962962963
061,car,33,54,61.111111111111114
061,face,37,54,68.51851851851852
062,car,27,54,50
062,face,40,54,74.07407407407408
063,car,29,54,53.70370370370371
063,face,40,54,74.07407407407408
064,car,22,54,40.74074074074074
064,face,32,54,59.25925925925925
065,car,25,54,46.2962962962963
065,face,34,54,62.96296296296296
067,car,33,54,61.111111111111114
067,face,42,54,77.77777777777779
068,car,43,54,79.62962962962963
068,face,31,54,57.407407407407405
069,car,19,54,35.18518518518518
069,face,36,54,66.66666666666666
070,car,46,54,85.18518518518519
070,face,53,54,98.14814814814815
072,car,23,54,42.592592592592595
072,face,45,54,83.33333333333334
073,car,40,54,74.07407407407408
073,face,52,54,96.29629629629629
074,car,28,54,51.85185185185185
074,face,32,54,59.25925925925925
075,car,27,54,50
075,face,22,54,40.74074074074074
076,car,28,54,51.85185185185185
076,face,33,54,61.111111111111114
077,car,48,54,88.88888888888889
077,face,29,54,53.70370370370371
078,car,33,54,61.111111111111114
078,face,38,54,70.37037037037037
079,car,31,54,57.407407407407405
079,face,51,54,94.44444444444444
080,car,22,54,40.74074074074074
080,face,39,54,72.22222222222221
081,car,36,54,66.66666666666666
081,face,37,54,68.51851851851852
082,car,41,54,75.92592592592592
082,face,48,54,88.88888888888889
083,car,38,54,70.37037037037037
083,face,37,54,68.51851851851852
084,car,38,54,70.37037037037037
084,face,37,54,68.51851851851852
085,car,23,54,42.592592592592595
085,face,37,54,68.51851851851852
087,car,43,54,79.62962962962963
087,face,49,54,90.74074074074075
089,car,35,54,64.81481481481481
089,face,43,54,79.62962962962963
090,car,35,54,64.81481481481481
090,face,51,54,94.44444444444444
091,car,22,54,40.74074074074074
091,face,38,54,70.37037037037037
093,car,42,54,77.77777777777779
093,face,46,54,85.18518518518519
094,car,26,54,48.148148148148145
094,face,30,54,55.55555555555556
096,car,45,54,83.33333333333334
096,face,28,54,51.85185185185185
097,car,18,54,33.33333333333333
097,face,37,54,68.51851851851852
098,car,23,54,42.592592592592595
098,face,34,54,62.96296296296296
099,car,24,54,44.44444444444444
099,face,50,54,92.5925925925926
100,car,31,54,57.407407407407405
100,face,41,54,75.92592592592592
101,car,29,54,53.70370370370371
101,face,51,54,94.44444444444444
102,car,20,54,37.03703703703704
102,face,26,54,48.148148148148145
104,car,27,54,50
104,face,26,54,48.148148148148145
105,car,28,54,51.85185185185185
105,face,28,54,51.85185185185185
106,car,33,54,61.111111111111114
106,face,18,54,33.33333333333333
107,car,32,54,59.25925925925925
107,face,39,54,72.22222222222221
108,car,30,54,55.55555555555556
108,face,39,54,72.22222222222221
109,car,25,54,46.2962962962963
109,face,26,54,48.148148148148145
110,car,38,54,70.37037037037037
110,face,29,54,53.70370370370371
111,car,25,54,46.2962962962963
111,face,29,54,53.70370370370371
113,car,27,54,50
113,face,35,54,64.81481481481481
114,car,31,54,57.407407407407405
114,face,28,54,51.85185185185185
115,car,36,54,66.66666666666666
115,face,34,54,62.96296296296296
116,car,33,54,61.111111111111114
116,face,36,54,66.66666666666666
117,car,27,54,50
117,face,48,54,88.88888888888889
118,car,23,54,42.592592592592595
118,face,21,54,38.88888888888889
119,car,41,54,75.92592592592592
119,face,53,54,98.14814814814815
120,car,35,54,64.81481481481481
120,face,40,54,74.07407407407408
121,car,28,54,51.85185185185185
121,face,30,54,55.55555555555556
124,car,30,54,55.55555555555556
124,face,24,54,44.44444444444444
126,car,40,54,74.07407407407408
126,face,25,54,46.2962962962963
127,car,38,54,70.37037037037037
127,face,49,54,90.74074074074075
129,car,40,54,74.07407407407408
129,face,41,54,75.92592592592592
130,car,31,54,57.407407407407405
130,face,47,54,87.03703703703704
132,car,32,54,59.25925925925925
132,face,21,54,38.88888888888889
133,car,24,54,44.44444444444444
133,face,32,54,59.25925925925925
134,car,31,54,57.407407407407405
134,face,40,54,74.07407407407408
136,car,26,54,48.148148148148145
136,face,45,54,83.33333333333334
137,car,29,54,53.70370370370371
137,face,28,54,51.85185185185185
139,car,26,54,48.148148148148145
139,face,33,54,61.111111111111114
140,car,33,54,61.111111111111114
140,face,30,54,55.55555555555556
143,car,31,54,57.407407407407405
143,face,29,54,53.70370370370371
144,car,28,54,51.85185185185185
144,face,24,54,44.44444444444444
145,car,27,54,50
145,face,25,54,46.2962962962963
146,car,25,54,46.2962962962963
146,face,34,54,62.96296296296296
147,car,37,54,68.51851851851852
147,face,30,54,55.55555555555556
149,car,33,54,61.111111111111114
149,face,39,54,72.22222222222221
150,car,38,54,70.37037037037037
150,face,29,54,53.70370370370371
152,car,29,54,53.70370370370371
152,face,26,54,48.148148148148145
153,car,28,54,51.85185185185185
153,face,39,54,72.22222222222221
154,car,33,54,61.111111111111114
154,face,39,54,72.22222222222221
156,car,28,54,51.85185185185185
156,face,27,54,50
157,car,27,54,50
157,face,24,54,44.44444444444444
158,car,25,54,46.2962962962963
158,face,21,54,38.88888888888889
160,car,19,54,35.18518518518518
160,face,27,54,50
161,car,26,54,48.148148148148145
161,face,40,54,74.07407407407408
162,car,25,54,46.2962962962963
162,face,29,54,53.70370370370371
163,car,28,54,51.85185185185185
163,face,20,54,37.03703703703704
165,car,36,54,66.66666666666666
165,face,42,54,77.77777777777779
166,car,31,54,57.407407407407405
166,face,28,54,51.85185185185185
167,car,30,54,55.55555555555556
167,face,35,54,64.81481481481481
168,car,26,54,48.148148148148145
168,face,33,54,61.111111111111114
169,car,35,54,64.81481481481481
169,face,41,54,75.92592592592592
170,car,35,54,64.81481481481481
170,face,49,54,90.74074074074075
171,car,43,54,79.62962962962963
171,face,31,54,57.407407407407405
172,car,40,54,74.07407407407408
172,face,45,54,83.33333333333334
173,car,35,54,64.81481481481481
173,face,38,54,70.37037037037037
174,car,30,54,55.55555555555556
174,face,34,54,62.96296296296296
175,car,31,54,57.407407407407405
175,face,32,54,59.25925925925925
176,car,40,54,74.07407407407408
176,face,46,54,85.18518518518519
178,car,34,54,62.96296296296296
178,face,15,54,27.77777777777778
179,car,44,54,81.48148148148148
179,face,44,54,81.48148148148148
180,car,31,54,57.407407407407405
180,face,42,54,77.77777777777779
181,car,39,54,72.22222222222221
181,face,25,54,46.2962962962963
182,car,34,54,62.96296296296296
182,face,43,54,79.62962962962963
183,car,52,54,96.29629629629629
183,face,53,54,98.14814814814815
184,car,28,54,51.85185185185185
184,face,30,54,55.55555555555556
185,car,33,54,61.111111111111114
185,face,30,54,55.55555555555556
186,car,20,54,37.03703703703704
186,face,39,54,72.22222222222221
187,car,27,54,50
187,face,16,54,29.629629629629626
189,car,31,54,57.407407407407405
189,face,50,54,92.5925925925926
190,car,27,54,50
190,face,48,54,88.88888888888889
192,car,32,54,59.25925925925925
192,face,44,54,81.48148148148148
193,car,41,54,75.92592592592592
193,face,42,54,77.77777777777779
194,car,33,54,61.111111111111114
194,face,22,54,40.74074074074074
195,car,39,54,72.22222222222221
195,face,46,54,85.18518518518519
197,car,41,54,75.92592592592592
197,face,19,54,35.18518518518518
198,car,30,54,55.55555555555556
198,face,40,54,74.07407407407408
202,car,27,54,50
202,face,23,54,42.592592592592595
203,car,24,54,44.44444444444444
203,face,48,54,88.88888888888889
204,car,30,54,55.55555555555556
204,face,21,54,38.88888888888889
205,car,34,54,62.96296296296296
205,face,28,54,51.85185185185185
207,car,20,54,37.03703703703704
207,face,25,54,46.2962962962963
208,car,33,54,61.111111111111114
208,face,43,54,79.62962962962963
210,car,30,54,55.55555555555556
210,face,42,54,77.77777777777779
211,car,33,54,61.111111111111114
211,face,34,54,62.96296296296296
212,car,40,54,74.07407407407408
212,face,49,54,90.74074074074075
214,car,24,54,44.44444444444444
214,face,29,54,53.70370370370371
215,car,49,54,90.74074074074075
215,face,34,54,62.96296296296296
216,car,34,54,62.96296296296296
216,face,31,54,57.407407407407405
217,car,25,54,46.2962962962963
217,face,33,54,61.111111111111114
218,car,17,54,31.48148148148148
218,face,51,54,94.44444444444444
221,car,35,54,64.81481481481481
221,face,19,54,35.18518518518518
223,car,18,54,33.33333333333333
223,face,21,54,38.88888888888889
224,car,32,54,59.25925925925925
224,face,50,54,92.5925925925926
225,car,34,54,62.96296296296296
225,face,35,54,64.81481481481481
226,car,30,54,55.55555555555556
226,face,31,54,57.407407407407405
227,car,26,54,48.148148148148145
227,face,40,54,74.07407407407408
228,car,29,54,53.70370370370371
228,face,32,54,59.25925925925925
229,car,36,54,66.66666666666666
229,face,49,54,90.74074074074075
230,car,17,54,31.48148148148148
230,face,28,54,51.85185185185185
231,car,39,54,72.22222222222221
231,face,30,54,55.55555555555556
232,car,37,54,68.51851851851852
232,face,51,54,94.44444444444444
234,car,29,54,53.70370370370371
234,face,44,54,81.48148148148148
236,car,22,54,40.74074074074074
236,face,43,54,79.62962962962963
237,car,28,54,51.85185185185185
237,face,22,54,40.74074074074074
238,car,37,54,68.51851851851852
238,face,37,54,68.51851851851852
239,car,39,54,72.22222222222221
239,face,24,54,44.44444444444444
240,car,26,54,48.148148148148145
240,face,36,54,66.66666666666666
241,car,23,54,42.592592592592595
241,face,33,54,61.111111111111114
242,car,45,54,83.33333333333334
242,face,32,54,59.25925925925925
243,car,20,54,37.03703703703704
243,face,38,54,70.37037037037037
244,car,33,54,61.111111111111114
244,face,26,54,48.148148148148145
245,car,34,54,62.96296296296296
245,face,23,54,42.592592592592595
246,car,48,54,88.88888888888889
246,face,47,54,87.03703703703704
247,car,34,54,62.96296296296296
247,face,39,54,72.22222222222221
248,car,19,54,35.18518518518518
248,face,22,54,40.74074074074074
251,car,30,54,55.55555555555556
251,face,29,54,53.70370370370371
252,car,32,54,59.25925925925925
252,face,29,54,53.70370370370371
253,car,34,54,62.96296296296296
253,face,20,54,37.03703703703704
255,car,43,54,79.62962962962963
255,face,51,54,94.44444444444444
256,car,20,54,37.03703703703704
256,face,22,54,40.74074074074074
257,car,31,54,57.407407407407405
257,face,11,54,20.37037037037037
259,car,24,54,44.44444444444444
259,face,17,54,31.48148148148148
260,car,30,54,55.55555555555556
260,face,22,54,40.74074074074074
261,car,26,54,48.148148148148145
261,face,31,54,57.407407407407405
262,car,29,54,53.70370370370371
262,face,37,54,68.51851851851852
264,car,32,54,59.25925925925925
264,face,49,54,90.74074074074075
265,car,30,54,55.55555555555556
265,face,22,54,40.74074074074074
266,car,34,54,62.96296296296296
266,face,41,54,75.92592592592592
267,car,46,54,85.18518518518519
267,face,46,54,85.18518518518519
268,car,27,54,50
268,face,32,54,59.25925925925925
269,car,37,54,68.51851851851852
269,face,38,54,70.37037037037037
270,car,34,54,62.96296296296296
270,face,25,54,46.2962962962963
271,car,33,54,61.111111111111114
271,face,36,54,66.66666666666666
272,car,26,54,48.148148148148145
272,face,33,54,61.111111111111114
273,car,27,54,50
273,face,40,54,74.07407407407408
274,car,40,54,74.07407407407408
274,face,28,54,51.85185185185185
276,car,26,54,48.148148148148145
276,face,42,54,77.77777777777779
277,car,29,54,53.70370370370371
277,face,36,54,66.66666666666666
278,car,40,54,74.07407407407408
278,face,41,54,75.92592592592592
279,car,36,54,66.66666666666666
279,face,32,54,59.25925925925925
280,car,33,54,61.111111111111114
280,face,39,54,72.22222222222221
282,car,31,54,57.407407407407405
282,face,36,54,66.66666666666666
283,car,32,54,59.25925925925925
283,face,22,54,40.74074074074074
284,car,28,54,51.85185185185185
284,face,48,54,88.88888888888889
286,car,23,54,42.592592592592595
286,face,21,54,38.88888888888889
287,car,31,54,57.407407407407405
287,face,49,54,90.74074074074075
289,car,28,54,51.85185185185185
289,face,25,54,46.2962962962963
290,car,8,54,14.814814814814813
290,face,47,54,87.03703703703704
293,car,32,54,59.25925925925925
293,face,19,54,35.18518518518518
294,car,17,54,31.48148148148148
294,face,37,54,68.51851851851852
295,car,34,54,62.96296296296296
295,face,31,54,57.407407407407405
297,car,34,54,62.96296296296296
297,face,40,54,74.07407407407408
299,car,48,54,88.88888888888889
299,face,40,54,74.07407407407408
303,car,27,54,50
303,face,38,54,70.37037037037037
304,car,36,54,66.66666666666666
304,face,36,54,66.66666666666666
305,car,27,54,50
305,face,14,54,25.925925925925924
307,car,26,54,48.148148148148145
307,face,31,54,57.407407407407405
308,car,38,54,70.37037037037037
308,face,49,54,90.74074074074075
309,car,30,54,55.55555555555556
309,face,34,54,62.96296296296296
310,car,32,54,59.25925925925925
310,face,46,54,85.18518518518519
313,car,28,54,51.85185185185185
313,face,43,54,79.62962962962963
314,car,47,54,87.03703703703704
314,face,24,54,44.44444444444444
315,car,23,54,42.592592592592595
315,face,17,54,31.48148148148148
316,car,20,54,37.03703703703704
316,face,20,54,37.03703703703704
317,car,26,54,48.148148148148145
317,face,23,54,42.592592592592595
319,car,28,54,51.85185185185185
319,face,19,54,35.18518518518518
320,car,20,54,37.03703703703704
320,face,39,54,72.22222222222221
321,car,26,54,48.148148148148145
321,face,42,54,77.77777777777779
322,car,20,54,37.03703703703704
322,face,32,54,59.25925925925925
323,car,36,54,66.66666666666666
323,face,48,54,88.88888888888889
324,car,34,54,62.96296296296296
324,face,23,54,42.592592592592595
325,car,30,54,55.55555555555556
325,face,39,54,72.22222222222221
326,car,26,54,48.148148148148145
326,face,35,54,64.81481481481481
327,car,36,54,66.66666666666666
327,face,28,54,51.85185185185185
328,car,30,54,55.55555555555556
328,face,18,54,33.33333333333333
330,car,22,54,40.74074074074074
330,face,14,54,25.925925925925924
332,car,43,54,79.62962962962963
332,face,23,54,42.592592592592595
335,car,38,54,70.37037037037037
335,face,37,54,68.51851851851852
336,car,29,54,53.70370370370371
336,face,20,54,37.03703703703704
339,car,30,54,55.55555555555556
339,face,24,54,44.44444444444444
340,car,33,54,61.111111111111114
340,face,31,54,57.407407407407405
342,car,32,54,59.25925925925925
342,face,36,54,66.66666666666666
344,car,26,54,48.148148148148145
344,face,34,54,62.96296296296296
347,car,26,54,48.148148148148145
347,face,15,54,27.77777777777778
348,car,39,54,72.22222222222221
348,face,35,54,64.81481481481481
349,car,24,54,44.44444444444444
349,face,26,54,48.148148148148145
350,car,42,54,77.77777777777779
350,face,37,54,68.51851851851852
351,car,28,54,51.85185185185185
351,face,23,54,42.592592592592595
352,car,31,54,57.407407407407405
352,face,31,54,57.407407407407405
353,car,32,54,59.25925925925925
353,face,37,54,68.51851851851852
354,car,33,54,61.111111111111114
354,face,50,54,92.5925925925926
355,car,27,54,50
355,face,30,54,55.55555555555556
356,car,28,54,51.85185185185185
356,face,46,54,85.18518518518519
357,car,33,54,61.111111111111114
357,face,23,54,42.592592592592595
359,car,27,54,50
359,face,23,54,42.592592592592595
360,car,18,54,33.33333333333333
360,face,24,54,44.44444444444444
361,car,32,54,59.25925925925925
361,face,31,54,57.407407407407405
362,car,33,54,61.111111111111114
362,face,29,54,53.70370370370371
363,car,31,54,57.407407407407405
363,face,37,54,68.51851851851852
364,car,45,54,83.33333333333334
364,face,34,54,62.96296296296296
365,car,27,54,50
365,face,37,54,68.51851851851852
366,car,25,54,46.2962962962963
366,face,23,54,42.592592592592595
369,car,33,54,61.111111111111114
369,face,42,54,77.77777777777779
370,car,22,54,40.74074074074074
370,face,27,54,50
371,car,37,54,68.51851851851852
371,face,42,54,77.77777777777779
373,car,23,54,42.592592592592595
373,face,27,54,50
374,car,35,54,64.81481481481481
374,face,42,54,77.77777777777779
375,car,28,54,51.85185185185185
375,face,49,54,90.74074074074075
376,car,29,54,53.70370370370371
376,face,30,54,55.55555555555556
377,car,42,54,77.77777777777779
377,face,35,54,64.81481481481481
379,car,37,54,68.51851851851852
379,face,21,54,38.88888888888889
382,car,25,54,46.2962962962963
382,face,32,54,59.25925925925925
383,car,34,54,62.96296296296296
383,face,30,54,55.55555555555556
